Latitude				Longitude
50.5112014				6.9939896
49.9534891				10.8750469
52.4333644				13.190734
50.0110113				8.3917604
48.9693881				8.3903784
52.4200885				13.1763456
50.3638373				7.5769021
52.9822191				8.845254
49.4814353				10.993033
48.3974836				11.7378821
47.9927509				7.8558873
49.9322248				11.5720575
48.0124776				7.8149142
47.9207025				11.7554223
50.9313358				6.9369729
51.0910202				6.8805055
49.6057522				10.8848653
48.9988621				8.0705867
53.5733794				7.7716977
49.0014062				8.397165
49.0722096				8.1927674
48.1832729				11.2739914
49.0517594				12.0450613
48.8003651				9.315582
50.0612104				10.8635908
48.149801				11.5855374
52.4916944				13.4389954
48.0812535				8.1596569
48.1827857				11.2525293
50.8805997				11.6000326
51.3629651				12.3430979
48.341065				9.9398521
49.0426808				12.0161756
49.0176795				12.0294204
51.8608757				10.8150651
50.5434406				8.5335935
48.6620761				9.3178861
50.9684636				6.9490882
51.052279				13.809103
49.6696258				10.9307287
51.0567441				6.8512195
51.3314765				12.4111614
49.5904803				10.7610548
47.990399				7.8586445
47.8051395				9.6418742
48.2912447				11.6243318
49.81615				10.9863455
51.195365				11.9350775
51.2972237				12.0596469
50.8356077				8.3380138
52.4337259				13.1642419
49.8997417				8.6933536
48.6326899				9.2077907
48.3136854				11.9100098
51.3965811				7.1474739
48.7407947				8.877328
50.1252149				8.1687389
48.2158609				7.6613839
52.5406075				13.2066054
49.5221304				11.2759492
47.6078227				11.3700084
49.994239				11.6851525
51.1383169				7.1237864
48.3465235				10.911171
49.0230659				12.0958397
48.1204274				11.6071809
50.3247397				11.9182507
50.495037				12.1317381
51.4627777				12.6732804
48.7163316				10.3749814
47.9695378				11.7697154
50.3907085				6.7279463
51.5445569				14.7222076
50.8054003				7.175791
51.1189102				6.9425804
53.0070053				13.3222681
50.1873761				10.8418844
50.6475041				8.7491489
48.1147203				11.614455
50.6451408				7.2071153
49.3504644				8.1829873
49.0379445				8.3058099
48.1140705				11.6137928
50.3555579				11.6948462
48.1303725				11.6159096
48.0957588				11.7274113
48.66609				9.1431816
47.6290717				7.5951422
52.1073248				11.6437569
48.1732593				11.3959707
49.9940224				8.360402
51.3059087				13.3097325
49.2195972				8.3702405
50.7885502				7.2824538
51.1220224				6.1504373
50.2848558				11.909684
51.3131027				9.4881054
51.3044885				12.2521618
50.9610496				14.1100983
49.772716				8.6282809
51.8967292				11.0741901
48.302824				11.6149508
49.2463497				6.8790205
51.5117601				11.9392392
50.8056648				7.5888535
49.7836344				12.3096975
49.7835532				12.3067334
49.7834219				12.3082493
50.7157826				13.6063686
49.047277				7.8995461
47.9626373				11.3154101
48.1360261				12.1615559
51.3071135				12.2539762
50.137172				8.6460278
48.8252206				11.7814578
51.4184679				7.0238896
52.3526025				10.5573915
52.1914671				9.0793483
48.8988677				11.8195244
49.2758015				11.0198011
48.1368337				11.2110195
48.5642089				12.5975861
50.5464917				8.7387659
48.3362467				8.9501314
48.4272065				10.0428404
50.5257713				10.5309345
52.6375628				9.9858235
48.6905288				11.804528
51.3031918				12.2598853
48.4166153				11.7274612
49.7424356				8.4813473
50.1048811				8.6759384
49.4415185				8.6618083
52.5112754				13.335988
52.3595349				9.7851541
49.2511906				6.7319373
51.6988532				6.886951
50.9767917				11.0228553
49.6185167				11.1612102
50.9580523				10.6716982
50.1072608				8.6822526
50.5606366				12.7672382
53.0774251				8.8005416
48.797856				9.800424
51.0427717				11.6792331
48.1073692				11.6548707
51.1584875				12.8019146
49.7681294				11.0569891
48.5085025				12.1789652
51.0646416				6.582904
50.7261247				7.1242361
48.5752308				12.2267646
51.3787234				6.9812069
47.8258287				11.3020283
52.0000352				7.5595829
48.9171173				9.3089293
49.2688638				6.8729897
51.3667227				6.9819107
52.2872243				7.9725462
53.5349351				9.8590725
51.5640058				6.8754476
52.2016972				8.7284499
48.9504799				9.428019
48.3888208				9.998797
51.2022144				6.8021635
48.7981687				10.1096156
49.7775795				11.1030142
48.6745824				10.1545161
48.5739317				12.1062245
50.1656881				9.0273902
48.7946613				9.2098864
48.6771886				10.1547604
49.3178442				8.6780371
49.3147101				8.6791668
50.5402451				8.3808333
50.5401733				8.3806239
48.7280523				11.1305468
48.3596718				10.9025093
49.4013475				8.5786984
51.1901464				6.919967
48.7189715				10.8476541
48.7193023				10.8484681
49.790511				8.6102416
53.4512882				7.8394399
51.3042872				12.56573
48.8056644				9.0159261
52.4297781				13.3540651
49.6037316				11.3398291
51.7706754				9.3804845
48.7079995				9.5756381
51.0737553				13.7013567
48.500759				11.4522495
49.1554754				11.7576758
50.6334205				10.7407213
51.6776608				8.3467697
48.426221				11.5179079
48.0881684				9.209634
51.7115601				12.2968747
48.8122668				8.210062
51.5626488				7.4153404
53.9960695				11.4382656
48.1155366				11.541413
48.143627				11.417126
51.4733441				7.0839142
51.677775				8.3457876
48.2815722				10.3312159
48.2027985				7.9741735
50.1304742				8.7051121
50.7112663				7.0336685
52.8233706				12.0735408
51.0436024				13.7898043
51.6111935				12.2423877
49.9038279				6.5414801
52.5978619				13.2750843
48.221842				10.1101378
50.1009692				10.8559391
49.4375105				8.6751244
49.2816121				8.1291462
48.0771305				11.7140129
48.7158761				10.7725964
51.3552029				12.4407534
51.4757159				7.2159701
48.7957118				11.4393563
47.5834311				10.6855848
50.2263485				8.5786161
51.5439768				7.2376576
50.7270826				6.4548198
47.9814488				11.8638689
47.9972306				11.1673493
49.7286265				11.0756969
49.2245319				9.2124805
51.1539676				14.9840459
52.1579765				11.6126341
47.58994				9.5747257
53.1074808				8.1308625
48.9754559				10.9043987
52.1176879				11.638457
53.1691255				8.6210436
48.8078476				9.1416676
50.1021891				8.5681277
48.4796065				10.929428
48.4785522				10.9291168
50.5185398				7.0211529
49.4149136				8.6636299
50.6266427				6.9471805
50.8712761				8.0138662
53.0690439				8.8112557
49.491274				11.8199093
50.8814204				9.7433712
52.0232229				8.8232639
49.9535555				10.8608686
48.334483				10.8264065
49.6391427				11.3550459
51.7326654				11.0249859
52.3612414				9.7351541
50.9310092				12.0154233
49.6403472				10.5932956
50.9258256				6.9656214
51.8700972				13.9703984
48.3944503				7.8091687
51.7859767				10.9667491
49.7285264				11.0760855
49.7289506				11.0775953
49.7282355				11.0765791
49.7281187				11.0763543
49.7278597				11.076588
47.5479891				10.2175291
48.9258909				9.0780985
50.0516981				11.3221875
53.5155834				9.9988306
50.9811296				7.0242762
51.7398631				11.0196959
50.5642997				6.9669973
48.9784262				8.1825416
52.2412496				13.1514555
49.4510853				11.0910124
51.43035				11.974891
49.7277317				11.0768287
49.7275653				11.0769059
49.7272099				11.0775276
49.7295974				11.0748857
49.7295039				11.0754972
49.729566				11.075887
49.7294197				11.0750316
49.7293122				11.0748814
49.7292186				11.0747473
49.729158				11.0745488
49.7290713				11.0744134
49.7291416				11.0739631
49.728809				11.0742127
49.7289031				11.0736529
49.7287035				11.0740144
49.7286077				11.0737328
52.3769308				9.7115922
51.1932318				6.9969863
48.5369997				12.1494071
51.5473909				7.68657
54.4737343				13.4478765
51.5046876				7.0276221
51.4244039				7.487431
51.4372553				7.570048
51.4639246				7.5575486
50.8676188				6.0991242
48.2903093				11.6350709
52.4113223				9.3803453
47.7411269				9.1321313
49.3167592				8.4502045
50.9197424				6.1182358
52.2614488				10.3749865
49.9854241				8.3180682
51.1512955				13.8067145
52.0036197				11.7236908
53.5575095				9.9676227
49.9247466				11.5993304
47.8685617				12.6211988
48.9121649				9.1831313
52.3352273				9.7717554
50.9332727				11.879591
49.9280068				9.8029223
51.4698958				6.9034879
48.1429303				11.5785962
49.6861564				8.9956758
51.8955757				12.2060288
48.3456677				10.3805271
51.3619551				6.9526653
48.528934				12.201967
51.6493049				12.3041508
49.3735516				7.0820037
48.5890072				11.7615164
47.7364434				9.2350551
52.3277313				9.7769052
48.1571718				12.8214208
51.3961365				7.4313029
48.1636774				11.5356055
51.9432537				7.1671898
49.638041				8.9799009
49.6365098				8.9767147
48.403727				10.4628403
48.1405917				11.6824418
48.7978163				9.1523584
50.0987299				8.2295159
52.5697896				13.3942046
49.4180456				8.7418856
49.8714952				9.1846728
51.0678001				13.7778167
49.1835468				11.1832262
51.0343448				13.7604399
48.3964149				9.9542964
49.4442505				8.6192695
52.4344273				9.4067196
49.9337425				10.8283935
51.3879228				6.9437787
49.7215448				8.993351
49.2910465				7.574426
48.7559433				9.7827311
52.5422827				13.2816533
47.6504983				9.4825666
49.6295464				11.25241
47.9445415				11.258104
48.1006704				11.6252055
50.6079691				10.4915015
47.8833037				7.7312157
49.3708436				8.653805
49.681485				10.8827383
49.5213801				11.8086677
52.5715768				13.1228576
49.7160826				10.9449853
51.5324834				7.6876616
48.6308744				9.4153248
51.3257533				12.4538717
48.2653646				8.2021756
47.9565329				7.823153
51.6383509				12.3304445
49.6651059				10.0626601
49.7894901				11.0107626
50.4115225				7.4655157
50.1248467				10.8201826
47.9140968				11.2883191
50.0332509				12.0105627
49.6714616				10.1428049
48.1025964				11.5956025
48.5685694				8.1619758
47.3342778				10.268529
47.4053682				10.2770336
49.4520631				8.6774553
47.9752787				9.9287905
47.7152703				8.9639405
48.1644506				9.8172252
48.213588				11.5289585
51.0010198				13.8707229
48.5361757				12.1494879
50.068333				8.2100368
51.3653534				8.4357922
49.1324222				9.2667409
47.9364184				9.7450733
49.6308693				11.3570004
49.045378				11.3526669
52.1480523				7.3393236
48.2978637				11.623836
48.3457933				12.1323863
52.2644918				10.5615453
47.6197866				7.7703226
49.976359				8.0304925
52.3696025				12.9333609
49.9851776				10.9659561
49.7752704				9.9285224
49.729401				10.9123368
48.3769632				10.8888545
49.8011034				9.9512732
53.0225525				9.8801098
49.6165366				10.747152
50.6819279				8.6845305
48.5111315				11.4988488
53.8608047				10.6904003
51.2710224				8.8753777
52.0284504				8.5227015
51.3446414				7.1930759
49.9275439				9.2218085
51.4409481				7.046531
51.4381317				7.0484875
50.9602923				7.1446856
48.2729332				11.450604
50.1439107				8.6492703
49.2292387				7.111737
49.8082253				9.9470264
51.9863668				13.0681157
51.4872077				11.961322
48.0981207				11.5804329
48.7114808				9.4611544
51.9910825				13.0812327
51.9947973				13.088774
51.9907186				13.0805247
52.0027681				13.0859167
51.475355				6.8472339
48.1538366				11.6905108
49.509915				8.1792576
52.3597322				9.253893
49.3859139				8.5221032
48.8465339				8.5880311
51.7905086				11.7452888
51.1670095				7.0855351
47.9106175				7.7103312
48.1223489				9.8612164
48.2112809				10.9657527
48.7993467				8.6303125
47.6801049				9.8186871
50.6713717				8.7890059
50.9963429				7.0359251
49.9320591				10.8306211
48.6188584				9.8385379
48.6249603				9.8194701
48.1318759				11.5437129
53.1194651				9.7861251
48.0692881				11.1843615
48.1303749				11.8335278
52.3319721				9.7521533
48.1921681				11.6744256
50.0967635				8.1694548
50.6370203				7.0926755
52.1091395				13.7625929
52.1676423				9.0345547
49.7461038				7.2691374
48.7278524				12.4518408
47.6833824				9.2026241
51.443496				7.0157269
51.9873112				9.2457787
50.1265109				8.6835258
49.2199811				8.3870583
50.9046676				14.0812963
48.1612764				7.7936087
49.0937585				13.2477219
51.0014733				6.9914679
48.2085858				11.5717969
51.5585516				13.0094829
48.1352755				11.5764257
50.006529				8.270206
48.3617523				11.581496
48.8156959				8.9034098
49.3310519				12.1056752
51.6986587				7.8470195
50.0755401				8.2331024
49.2200601				7.1671577
49.958452				10.9568733
48.7108348				9.2038072
49.9600237				10.9561313
48.1739339				11.5510934
48.5183948				10.8106699
52.3620033				13.0227683
47.9134943				11.4200455
53.0915788				8.8126028
52.0751041				13.1688803
47.6924945				9.6567947
51.9198786				7.9669095
51.3492998				12.3672441
51.3635093				12.3736706
50.3917104				8.1920522
48.7192802				9.5845833
49.7051383				10.2598618
49.7079646				10.2595475
50.2290387				8.6109733
50.9452836				12.7623983
50.9320132				12.7339002
47.9881948				12.7477655
52.2656133				10.5519197
49.7740788				9.9273142
48.1361144				11.4629409
49.8756674				10.1641899
50.8564036				7.083632
50.1386036				8.9183397
51.4922877				6.8774791
50.0387908				11.2081968
48.327488				10.153711
49.1746744				8.8301669
49.3235535				11.0791988
48.6393769				9.5528907
49.9295018				11.4632316
49.693187				8.4942206
48.2843745				10.4679377
50.7527813				6.158488
49.8774123				10.1683832
49.2216914				12.1749822
48.3882701				11.789155
48.7317029				9.3672446
50.4373243				7.5993419
51.0167541				7.0065606
47.8285492				11.125437
51.3841168				9.439594
51.2357904				6.8618858
48.1231817				11.5402954
49.942056				11.6196976
52.3912814				13.0149252
47.8356101				12.254138
48.6044767				10.8136811
51.580776				6.8312181
50.9783747				11.0271227
49.727694				10.2443878
49.030173				12.1013155
49.3160959				7.1390578
48.7079914				10.879473
49.7572458				10.9789366
49.822996				11.0071242
48.8688927				8.6830087
50.6317712				7.2144562
50.1319963				6.9301781
50.1978535				6.8357773
49.8249417				10.0084161
50.1481065				9.9361202
48.1841686				11.2799886
51.5157635				13.8981023
51.4771468				7.0878993
49.1508069				7.6087305
47.8780766				10.62746
48.7228259				11.3955892
47.9205813				11.376842
49.0107553				12.1342938
47.8012504				12.704514
52.0665036				7.4442475
48.8052563				9.1742216
51.1493065				12.9286534
52.1705334				9.1936455
51.0984532				14.9765878
49.9465021				8.4755257
49.3707412				8.1751989
48.0902139				9.9199354
47.9537341				11.2682239
50.1456981				8.6435484
49.354301				8.1346898
48.8091982				9.3182243
51.8648063				14.0896961
48.4986662				9.1935362
53.1241512				8.9850594
48.8763388				9.0738001
48.80789				9.224023
48.9621595				11.6891956
51.05327				13.8117548
48.7695783				8.8494188
48.7706031				8.8532996
48.7698135				8.8511189
48.7893914				8.836122
53.6407113				10.6658988
51.2023843				12.3864474
48.37534				8.1857023
49.8300088				9.6290462
52.4991189				9.9418412
47.8416135				10.6764176
51.1362857				9.99286
48.1703718				11.2479741
52.4123211				13.6095915
51.8063645				6.7532038
50.59566				7.2915348
48.333913				11.6561736
49.5985186				11.3405867
48.0615134				8.4587737
48.277532				10.8839574
48.1639498				11.475791
49.3692311				8.5417648
53.1547763				12.8742134
50.5533166				12.1875622
49.7376472				10.1591628
54.4562606				11.2738323
49.6727412				10.0480678
49.0506716				9.3756003
51.8101576				10.9251606
48.1787508				11.2540054
51.7203789				8.7510464
48.0493925				10.6124025
51.2306406				12.7262287
51.1113298				13.6670163
49.1109752				9.7348738
52.4747532				13.5241898
50.358977				10.9099632
48.1729642				11.4931118
48.0595587				10.6396548
51.1363185				11.7211675
48.1280939				11.3261134
50.9278772				13.3601601
49.8610199				11.7373867
50.0740722				10.2152524
49.9471935				9.7709394
47.7519349				11.7387535
51.3105677				12.3762362
47.6718642				12.7843607
48.001468				11.0131844
47.7537269				11.7183814
47.8584247				10.0391094
51.8535612				12.1779528
47.6175172				9.9287005
48.676842				9.2173424
48.1279193				12.7857994
47.9779876				11.4664793
51.412227				7.1458938
49.9200788				8.1055039
52.5905957				13.2700085
50.219231				11.9365023
48.824263				8.9115193
51.7185773				8.3087002
48.7459696				11.6351461
50.627495				6.4705565
49.0345254				11.4737375
47.9856029				8.8079634
52.2502413				11.6343775
49.2979447				11.3702757
49.1897523				8.380727
48.7715273				10.6471209
48.2767491				11.0970225
49.7468547				9.2227292
48.8809294				12.5658508
48.6007935				10.1290208
51.480146				6.7914738
50.9163562				10.3930726
52.1126582				13.6191463
50.1587615				7.6928225
49.7331597				10.156565
51.8683955				14.1296678
48.1709577				11.7175501
51.6899449				12.4877967
47.5972628				9.5393973
49.0211618				12.173117
50.961872				13.9453098
50.9503396				13.9904218
48.7520158				9.6453605
48.1686952				11.4579208
53.5918004				10.0286073
47.6847489				11.1783352
49.1568225				12.8323615
48.7746752				11.7942948
48.5061266				9.2381117
50.0881705				8.230881
51.4323635				7.0048144
51.3460555				6.6178924
49.8598447				10.2270955
49.7551666				10.2396128
51.3189205				9.4924189
49.7666239				9.2495417
49.7531665				10.4757657
49.8369361				10.9280521
49.7989199				8.832808
50.0198201				8.4035
49.9864785				7.8665089
50.8739702				6.8153181
50.0746042				10.3506093
49.5978353				11.480521
49.949991				10.8614752
48.468609				10.7929776
47.9952686				11.1686405
49.1803548				9.4836448
52.2965483				13.6256778
49.6237965				9.6650218
51.3585068				12.3044698
49.316176				8.426914
50.9184493				14.0569386
49.5107529				7.0221766
51.9931849				7.4820104
51.9770844				9.5172399
51.2550234				12.5387706
49.3333581				6.8470573
50.0564254				8.2303062
50.1055073				8.6910281
50.1147896				9.8891685
50.6330522				12.2151229
51.0247395				13.444955
50.8023631				10.4486166
53.5287908				7.2515326
51.0947667				13.8415398
47.859643				11.2308648
51.5681275				6.9616869
50.2212822				11.0676872
53.186884				12.9221427
49.1294646				12.8643233
48.1092401				11.6703237
48.1970572				10.1759157
48.1968704				10.1686176
48.3662315				7.9794759
50.2951209				7.6014343
52.0252508				13.1020968
47.6925409				9.854384
47.6928247				9.853633
53.541565				8.0587791
52.4608859				13.5459148
50.1822945				8.596077
50.181067				8.595747
49.761772				8.1783691
48.986916				12.0128752
48.2201788				8.5995532
49.9434159				11.573063
49.9437721				11.5793449
49.943517				11.5782278
49.4122025				8.5301696
50.0194409				7.8251768
50.121859				6.9019484
51.2582292				12.5063252
51.0545026				6.9951762
49.7524873				8.4045118
49.4941758				10.4264093
50.653712				10.7740012
48.2011198				11.6414649
47.7287095				10.3105036
51.6342799				6.6763383
50.6211285				7.0217526
51.2660172				14.4470425
47.9738286				11.1837741
52.3706533				9.7377455
51.2712161				7.113738
48.411687				10.0190562
48.4123096				10.0193078
49.091379				8.271449
50.0525623				11.7953286
48.4218324				10.0386069
48.9099608				11.8516342
50.8688123				7.2485937
49.7269128				11.076091
48.6244882				9.3305694
49.9940923				11.6000834
52.4083018				13.0147492
51.4991589				11.9498153
53.2113445				8.0287693
51.7612868				8.703786
47.59623				11.0652304
47.7913455				11.3876177
48.0277674				11.0979544
49.9394367				11.5531185
50.0471249				10.8845166
48.0289683				11.0966711
48.8952362				9.1930583
50.2876755				11.0302292
54.3106801				10.7960779
51.84654				12.22296
49.2065539				7.1019736
47.6765899				11.3038608
50.9293734				12.0190557
50.0870754				11.0638995
50.3485241				7.5985916
47.6219866				7.6257308
48.2756143				10.2289777
52.2036623				8.802155
50.01307				10.5752098
49.5663518				7.0631111
48.7874714				13.4601728
47.7516195				11.3740509
49.5179817				11.6644518
51.2620083				10.004078
48.6180897				13.4832899
51.4315555				6.9911116
52.1943602				8.782516
49.9830446				11.9053264
49.9820131				11.9092534
50.3142982				11.9160698
49.9718865				11.9344276
50.1556514				7.5566692
50.9981827				11.0089004
49.180377				11.9902206
50.8965746				6.6802109
48.8123274				11.8444596
49.9254018				10.6652105
50.0617871				10.9656816
53.2805091				12.9737387
47.6571101				9.1809
50.076012				11.5736795
49.0756833				12.7155855
47.6128597				9.593963
49.7035898				10.2629089
47.5819482				10.9273573
50.0809019				10.414699
50.5554122				8.7223477
51.4691997				7.0903008
49.4629812				12.2260397
50.1100929				11.1150882
48.810306				11.7658808
53.6196805				10.8755668
48.8168962				11.7487336
52.3643657				9.7364679
48.1887066				11.0530128
49.2715663				7.1533853
48.7759849				9.1819957
48.8291852				9.0670442
49.2038534				12.1045087
48.4514116				8.8564811
49.2019883				12.0420105
49.6494499				7.1714373
48.224385				10.3791861
49.7566256				10.9496553
48.9528518				9.0218808
50.0501067				11.6742566
51.3583814				6.6500464
52.5055232				7.1971027
48.9318285				9.0342977
50.9746484				11.6500869
53.2436314				8.6778811
48.5987861				10.8668541
50.8925215				6.9330099
48.0505922				8.9702591
50.711513				13.4665856
50.0722865				11.5458398
51.4902896				7.4428066
50.1970605				11.5666293
53.3275298				8.4814172
50.1971395				6.8304927
48.2437627				10.370764
51.2369793				6.7704669
47.5969042				11.0710995
49.7784929				8.9896917
50.3907552				8.9788413
51.0095899				13.8615464
48.1708605				11.5141045
47.7226971				10.3206859
52.618156				13.335382
53.3872944				12.3225542
48.6238599				12.2135052
48.2474064				10.4497517
50.282349				12.0116184
48.0941549				11.6249683
50.0998598				8.6901957
50.1014237				9.2633658
48.9598817				11.6843383
48.2455966				12.0916345
54.399344				13.609084
51.4521326				9.1125773
47.9175743				7.6951367
48.3700966				8.0806341
49.7214579				10.9230579
51.2133279				7.0839055
49.7117213				9.548225
50.5151856				7.0360224
49.912988				10.7519196
51.7033284				6.4166268
51.3428191				9.4302086
48.779438				9.2243824
47.5385325				10.7762723
51.8382723				12.7836814
51.8516939				12.7234257
50.1968481				8.0530125
49.5386014				12.1475986
47.5593873				10.7780637
50.5130098				7.0366962
49.7291432				10.5711681
52.5235131				11.3953699
49.6545463				8.9294949
50.9150524				6.9137303
47.9931198				11.8980559
47.4696251				11.2927466
53.2763606				11.3662735
47.9827617				7.8758317
50.0917669				10.7960304
49.2616035				9.5774923
50.0332947				9.041785
50.7678585				12.3525336
49.1279402				10.8626062
48.2909715				10.6573765
48.7627573				11.5252855
51.0561599				7.8317876
52.3132146				10.4892513
50.0511261				8.1231825
51.762679				11.795239
50.1513591				8.7332814
48.6272679				12.3559308
50.0395422				8.1928338
48.0947749				11.5158975
48.6107087				10.9501591
48.0247906				9.7875761
48.7905942				8.235069
50.2027794				8.5791835
47.4166636				10.2915123
50.063464				9.01517
48.8575956				8.2104597
51.0078023				9.7263831
50.9105565				12.4415513
50.5437935				7.5990709
49.4404853				10.3102269
52.1803085				8.5151273
52.0826311				7.5873777
48.3607577				10.829988
47.735343				9.6053754
47.4838046				10.3404985
48.2553674				8.267028
49.1784058				7.6271613
49.6970751				7.3244004
49.4028575				8.423241
48.2193087				9.0399051
48.9695468				8.7997667
48.6791537				9.7681855
48.526037				10.8691566
50.1847585				9.0631173
50.2700855				10.8832783
53.6320517				11.3832577
48.18191				11.570473
49.7613924				9.5131162
49.5621668				10.5904494
50.4930775				6.6319421
49.7513855				8.9444145
53.0766188				8.8018298
48.0479597				7.9643119
50.670032				7.2056952
52.511952				13.239938
52.5156515				13.2439374
48.9549047				13.4257844
50.1154267				8.6741859
51.0493842				13.2972718
51.9694804				13.0106742
48.9281601				9.3691467
48.7660948				10.7966594
48.6406482				10.0032583
49.523957				11.5853558
51.5795376				6.6615515
49.2048005				8.9925868
52.1250212				11.5990862
49.7216467				11.0610982
47.938341				10.2973121
49.2975062				12.1054006
48.8167921				9.2839092
49.9039575				9.8215049
50.1084577				11.8758562
48.8139972				9.2743689
49.4570632				6.9384453
48.15189				11.616063
53.5374482				8.372819
50.4958029				12.597191
52.467458				13.2617552
47.8715404				11.7161973
49.1579954				7.1652177
52.655422				13.5380797
50.0545826				10.2310739
50.1089083				7.9409
48.3128179				10.7266872
49.0239356				12.0962914
50.0348924				8.162947
50.2735726				12.2459477
50.3210616				11.9052504
49.5719526				8.3763915
49.9778997				7.9364677
50.1232055				8.8336038
49.3775514				11.8540616
49.4061244				8.4837308
49.9780123				7.9273106
51.507293				12.9791925
48.5756118				12.8614016
49.7190664				11.0468515
48.3762851				10.8289602
52.3020062				9.7990145
51.4464851				14.2834946
49.4093158				8.4863448
49.4035593				8.481393
48.4503211				12.1680806
49.7766937				7.6600813
51.9638669				9.8002177
48.9529816				10.9126506
49.6020381				11.0041637
48.7331135				9.2800952
50.9836841				9.7554028
48.1094731				12.0918388
51.4890991				7.2103097
48.2503709				11.411989
48.2561518				11.432121
48.4658081				11.9457769
53.5527927				11.5025182
49.7533443				11.1182842
48.3228584				10.9264541
48.1838003				11.5943714
50.0032272				8.0295978
50.0129458				7.9955236
49.7571111				11.4443129
51.0651519				13.756165
50.8815408				6.8393675
53.2512091				10.4127594
48.60007				10.1802985
48.7719783				9.9063018
51.5281486				7.4089596
49.4525408				10.2743081
50.5721601				10.5134954
49.4775863				10.9773397
51.3049612				13.3010452
48.1779721				8.9988387
52.3696768				9.853649
49.5053736				11.7373336
47.6868846				8.9963282
49.0439412				9.0469888
48.925592				10.9859901
53.6776748				6.9948179
53.0775097				8.8004355
53.0775906				8.8003187
51.8096425				10.9843047
51.7714345				8.3702251
52.362193				9.7050958
50.7295492				6.1775567
48.3662412				10.8963572
49.3332768				7.1268098
50.3329338				10.4371751
48.0203656				10.8245434
48.3505285				10.8759807
52.1369189				7.6793469
50.3885768				8.0684245
48.428956				9.9079461
47.9184398				7.703129
52.7467849				13.5132825
53.0343847				9.119017
49.6749498				9.8689089
50.5018618				12.6264532
48.5523913				8.9636233
49.8424023				9.5984926
50.8644336				6.7512459
50.7882854				11.577861
47.7410152				9.7572759
48.6393206				9.7833653
52.3019131				7.1573557
49.5269224				9.1514226
50.517544				10.5863182
51.4331025				13.0568879
51.519825				6.9252118
51.7516207				8.4556265
48.7648324				8.9616561
52.4235538				10.7826987
50.1456171				11.1405691
48.5707733				13.4721141
49.4570321				7.5590082
52.2076445				8.7912294
50.0869669				11.4919952
50.3919024				7.8469267
51.8933577				12.0278241
48.9644905				12.48807
49.1643754				12.8447958
49.4750052				11.1278155
48.6514259				11.3331392
50.0239593				8.1209612
48.3931231				9.9995575
53.2262915				10.1673705
49.4958898				6.557358
51.5915693				10.3100509
50.0157506				7.5684695
49.9648297				11.842522
49.1814351				11.5376663
48.541944				10.5061337
49.8652315				10.9984551
49.6187149				11.3582043
49.6259611				11.3592803
49.638264				11.3555472
50.085049				8.2485207
49.851712				10.9757871
49.7712446				11.4065677
48.4286991				10.4081539
49.5625018				11.3681525
49.5826146				11.2725633
49.5882793				11.3685385
49.5870368				11.3765832
49.5557514				11.3569525
49.5607181				11.3418157
48.9674391				8.3213949
47.7764353				9.7686329
47.7755026				9.7659919
49.5597448				11.3323851
48.3525255				10.8726314
51.3625046				6.947582
51.3647805				11.041854
51.2337565				7.0674341
52.3863526				12.9515882
50.0415				10.2524975
49.0647295				8.1749562
52.4108388				13.3744324
52.3835881				12.4425386
51.8541252				12.2853037
48.9534001				9.1311372
47.971506				10.789157
49.3715057				8.7014246
48.8672462				9.6326094
51.9366547				13.894785
49.6662996				10.0669529
48.6687474				12.1775074
52.4699606				13.3401822
47.7313375				11.8675758
50.3292235				11.7084137
49.9714075				8.7992082
54.0878308				12.1216244
47.6915751				9.1458025
47.6918499				9.146194
49.6499024				8.7824305
50.0741922				8.806312
50.0747856				8.8062028
48.8906387				8.6732006
48.3953106				9.9957321
49.4393613				7.7340848
53.4642796				9.8655386
50.9727645				10.2334548
48.5057126				11.7588382
47.9751306				12.4472957
52.9964534				9.854948
51.3097665				9.5058693
49.6418852				8.7962858
48.421143				11.1471126
48.7007982				8.8572691
49.4389124				7.7976854
48.9112827				11.1405296
50.7693755				9.4599636
52.28502				8.9204362
51.7102947				8.5881503
50.9330878				12.0269408
52.1910692				7.1794901
50.1265496				8.6211035
50.0302719				7.4658699
52.0283639				8.5807034
49.9982386				8.007022
54.1039493				12.0866366
53.5011928				7.0935739
52.0290926				8.5849054
52.0277566				8.5802362
51.4965596				6.507301
49.3515068				9.2209059
48.0106808				11.163001
50.1208947				10.9870053
50.1525965				11.0870571
47.5884122				12.9883131
50.3176981				7.8523699
48.8348353				9.21447
54.281434				13.6886087
50.6525654				10.6461906
50.8917335				6.3888212
52.0311301				11.7044994
48.3395166				10.9103129
48.3604447				10.9276442
53.128424				8.6531551
50.2500464				11.324845
54.4145501				13.5964006
48.3654585				10.9018752
53.5320456				9.7645338
50.0965775				12.2231633
49.756322				11.1367637
49.5992549				9.8794292
49.2547123				11.689865
53.2092115				7.6418795
49.7507866				11.5034922
49.7661066				11.4813902
54.1044353				11.6090196
49.7313678				12.0707012
54.1529762				11.7275156
52.0855607				8.7576396
48.6218486				10.1724932
49.2902824				7.5734018
49.2504205				7.5276744
50.5682467				9.995711
54.0006031				14.0589756
52.3986905				9.600273
49.5159967				7.9360976
48.26061				11.5677016
48.0770907				11.1323697
50.6461567				12.9693907
48.8142375				9.2913525
50.9642567				13.9317038
49.5899497				12.416877
51.811556				11.6185376
48.9224475				9.6082828
48.9245469				9.6077187
47.9981705				11.1772108
49.2376034				11.1766105
49.2469505				7.1917485
52.0104088				13.1258375
48.4196073				9.9001691
52.4556859				14.4923844
49.215075				7.0054599
51.0000917				9.9032047
50.4910494				12.1850826
47.6618402				9.1771391
48.4032821				10.0201069
48.9011732				11.6956381
51.3035556				7.1212118
51.0916564				13.7029043
48.6030581				11.6276954
48.6708992				12.5771921
49.3255511				8.4358563
48.367938				10.8390463
48.076811				11.1333855
50.6750626				7.8347556
51.68079				8.3544965
51.0012873				14.765296
47.7420958				9.7832056
50.0499432				10.2506402
52.1013355				11.5934917
53.108532				7.669325
51.066643				12.8759768
48.2618763				11.6400939
48.2808297				10.8924952
50.7083983				7.167219
52.0448415				8.9150181
48.9602932				9.8953934
50.0321315				8.4279292
48.1969156				10.3875937
49.5651077				8.8097307
48.7061716				11.3196707
48.7063167				11.3331317
48.703739				11.3229811
49.5323426				8.1419331
50.9459267				6.3096375
52.1832983				8.843577
52.3512266				9.7905891
52.373175				9.9773572
50.6197001				8.1237177
48.501205				11.150336
48.0997815				11.5605059
49.9634656				10.9970565
51.6419623				12.3689627
47.59931				10.0562684
51.222303				6.9268937
52.4866604				13.479138
50.1045663				8.1895891
50.2315902				10.8637769
52.4319912				9.8005845
52.4908259				13.3609942
52.4069131				9.641702
50.5496437				7.9330963
50.9170527				9.9895222
47.7371341				8.9708938
51.9613671				8.8859515
50.5074441				9.7067381
50.0314949				10.476548
48.6571271				10.498787
49.5326453				6.6881846
49.6504045				8.7798139
49.8022489				9.9100267
52.1940666				8.8653795
51.4261498				7.1929843
48.8142048				13.4709416
48.7617673				10.7686743
50.0371609				11.838022
48.8987736				9.2014118
48.0472278				10.8760242
49.7962772				6.9765193
50.5207649				10.7965908
52.1976556				8.795064
50.2227282				12.0286715
51.3099887				12.3738717
52.9931492				7.6690113
51.4070508				6.9394923
51.3080499				12.3717789
52.2010589				8.786699
48.1886508				11.4962987
51.7511115				12.5729326
48.2547665				10.0936286
53.485992				8.483875
50.6802193				10.1975955
49.9599168				8.4860242
48.2076958				8.44193
49.4010408				8.3728729
49.3869679				8.372951
51.2089208				11.7689908
54.5658175				8.5500949
52.2226862				8.7981923
49.3858961				8.3695286
48.0861069				11.2004089
50.2170114				9.3552704
49.8734024				11.9950214
48.2437723				10.3637759
52.0989269				13.0725037
51.2181746				12.331979
49.2556258				6.8480536
51.7288357				8.3769483
51.4921574				9.3830449
51.5236018				8.531843
51.0083487				8.1636643
50.2019654				8.575808
49.8413386				10.7333635
49.2951609				10.192553
51.3458448				12.3115814
51.7569354				8.3901343
52.2931863				9.6377463
48.1688046				11.5972949
49.4401301				7.7987437
48.785512				9.3982069
51.7197446				8.4037023
51.162896				7.0183561
50.3205271				10.2182889
48.9672622				9.2752813
51.0022207				13.6850393
47.98709				10.188096
47.9857995				10.181023
50.4621098				7.1832691
47.9857645				10.1769081
48.4672827				8.4098691
52.0209172				8.4573201
52.4543888				9.3503397
50.8956021				11.8318053
49.4504604				11.1377675
50.7108226				9.9461164
51.2468822				7.3814094
49.5964267				11.5223798
49.527708				7.7144293
51.0342622				6.9668387
48.0212125				10.1260106
49.2150601				11.3884988
49.9532444				11.5908014
53.6249196				14.0085309
52.3331827				7.3781578
52.2914068				14.0496095
51.33013				12.3305814
50.8661498				11.7227438
49.4909809				8.504114
51.1748799				8.8932304
51.5364875				7.1591831
49.2132099				7.1994567
48.0284331				11.2512204
50.201078				12.0455744
49.3631491				8.4511872
52.3448186				12.9444801
51.5107247				7.13896
50.65416				12.573515
51.7528405				11.9782082
47.6930145				11.2098251
49.4501999				7.7561219
48.9166099				8.5058512
49.9210943				10.178863
51.0349633				6.2805468
48.6639857				12.5165493
51.5416618				7.1678763
52.0620694				8.3585357
49.718929				8.7702229
49.762502				8.7817965
49.2165187				7.1870049
51.3196884				12.42179
54.4751723				9.0514833
48.2267961				11.6751814
52.1491129				7.3925799
49.7806886				7.6945597
48.0458089				9.880163
51.2067511				13.4044602
50.6290337				11.0497575
52.4944708				13.2823857
48.0259101				11.5914162
49.3912846				11.1110941
49.7189863				7.2027813
50.6090947				12.6895537
52.3221347				10.3956523
48.6568883				10.7246298
49.7902409				9.9180675
52.2052098				8.8212537
47.7776554				12.1489479
50.863623				13.3220829
49.0012312				8.365929
51.7675133				8.2415205
48.0909253				10.8750682
47.9338956				10.8265629
48.1964276				11.6261076
48.1996504				11.1154875
49.3639321				9.0509839
52.028054				6.7914819
50.5305718				10.4929821
49.4062272				7.7237958
53.0415629				8.8613634
49.4981686				10.4202236
52.3940867				13.0160526
52.2007734				8.7100384
48.0874386				11.6408988
52.3500504				9.727287
51.3864219				6.6924796
50.2433536				11.9353744
47.6863102				9.2077042
48.1324746				11.5994772
52.4480138				13.5765416
49.0032972				12.6965831
51.4721466				7.2160332
48.5208804				10.284331
49.4100036				10.2781076
49.1070066				11.4406673
50.6078498				6.9443298
51.8636081				13.9693481
52.1982805				8.7095751
49.8824197				8.6592873
47.9253701				11.783397
48.5146612				10.5254093
47.7915686				10.2910229
49.073485				8.409403
47.6942862				9.1427458
50.0125021				8.0624742
49.4071562				8.8370386
48.3007673				10.3342877
50.36645				7.57802
50.0681258				11.7565939
51.3349741				7.0176689
51.1174663				6.6463263
48.7838269				9.2149136
52.0974582				11.6493121
48.1633583				11.5499285
50.1482811				6.918494
51.6372704				12.3566153
50.697747				7.1681745
49.9659376				11.5340882
48.8877547				11.0184804
51.332777				6.7882989
52.5152023				13.3364367
48.9403686				9.2530498
51.4202454				6.5655771
49.4433922				11.1251939
49.4434058				11.1243034
50.4293987				7.5883903
49.5151362				8.6131697
48.4133743				7.7662582
51.7519611				11.9761073
52.2091428				8.7444075
50.0292721				12.3123025
49.9417758				11.5752712
49.206319				8.0390954
49.116544				7.6163933
50.0002061				8.0175543
48.0534107				10.8807265
52.4840046				13.3438293
48.1559554				12.8166461
49.5599774				8.4890833
51.6000916				7.358516
52.4429325				13.6767464
49.1884572				9.2410025
48.225005				11.6785354
50.0323147				11.8719993
49.2229849				7.0238701
51.5708339				7.1864597
52.2427788				8.8450278
52.3699696				12.4722663
51.3388923				12.3422463
51.1230823				6.3920448
53.1564339				12.7697117
51.3068355				12.4229396
51.2640895				12.3446205
48.2718777				10.7824451
51.2833918				12.3444187
51.3404286				12.3687399
51.3413737				12.3670608
51.3415881				12.3663635
51.3412949				12.3670152
51.3407889				12.3680318
51.3408928				12.3678226
50.7057438				6.1813073
48.1395733				11.6485948
51.3374465				12.3788512
47.865721				11.2931168
47.7405547				11.8741438
48.0797963				9.0345244
48.0112521				11.4051543
51.2914457				14.4995447
48.8830243				12.5666803
51.3196733				12.4068152
49.4948831				8.5478106
50.0823981				10.2309882
50.6145632				12.3003961
53.1002825				12.8904617
51.6277012				7.1238554
50.5228388				10.1536443
51.2734408				12.397508
54.3797043				10.1986633
51.2849388				12.3815219
51.0909083				6.0372095
51.025357				5.938912
51.2147476				12.7499016
51.2150883				12.741082
49.6149976				8.9106508
51.3272329				12.3730972
51.3272833				12.3735409
54.617963				8.9656457
53.0745562				13.3924744
50.2155933				11.0581684
51.329196				12.3811613
51.0233037				5.9921594
48.2361267				11.5516884
50.0706031				8.485031
52.2087556				8.7799924
50.9084903				13.3331283
48.3882519				8.0950211
51.4130824				7.0165737
49.4557898				11.1022551
50.6200855				12.3027108
50.6200146				12.3049244
49.4804176				11.100693
48.1743126				11.629086
49.3771813				10.1758046
49.377199				10.1763382
50.2030549				8.7199294
52.2470447				8.7841076
49.3763816				10.177749
48.9014056				8.7277192
52.2084206				8.8032281
49.5040425				6.5382888
52.202769				8.7896347
52.2032634				8.7888794
53.7748893				10.5947715
49.7644256				6.6344953
49.764507				6.6346576
50.8726366				8.0243831
53.5629909				9.9591767
49.4423777				11.0934761
48.0984579				11.4174272
51.2937449				11.8724914
50.8757506				8.0295085
49.4026545				11.0700358
50.0975429				10.7942044
47.918689				7.6921445
49.9344811				8.868631
49.0431307				9.0928602
48.0712872				7.8625332
48.8707398				8.8171815
48.6104856				9.0531383
49.5449162				11.9496125
49.6276981				12.1371109
51.4097549				7.0795258
49.6584588				12.1549939
51.4998318				7.0073948
49.9185153				10.4677764
51.6367867				13.7055644
48.8963835				8.70237
49.5685238				8.5937329
50.085423				11.2413038
48.814207				12.3297101
50.1286356				8.7969301
49.5479319				10.6621739
48.8609333				8.734894
51.759452				14.3408502
49.9888476				12.4085294
48.8799327				8.3373673
48.8681038				8.7460223
50.1061384				8.7212634
47.6370212				7.6680383
50.2926059				11.9038689
49.8795044				12.0360294
49.4864097				8.4866816
49.8888267				11.8004702
53.591018				10.8191403
49.7025791				12.143763
49.7811729				12.4299994
49.7578686				12.3904846
49.6867367				12.1063349
50.8102406				6.8345819
48.6483697				11.788997
49.7800232				11.3355815
49.4755214				8.4157984
49.7219644				11.136235
49.7941515				11.1036009
52.9694918				7.5491035
49.1797198				8.8127247
48.2238772				10.178727
52.6296731				10.084126
49.669839				12.1812452
49.6700615				12.1727904
49.6780209				12.1728283
49.6585017				12.1466112
49.6523775				12.1339138
52.7315089				10.7809035
49.6724391				12.1474077
48.784421				9.9552308
49.6882595				12.1495069
50.9325455				6.8729362
50.4496533				12.3601788
48.3867783				10.7970244
51.1412104				6.8164602
50.8195598				6.9288565
49.0158986				12.1008116
50.0760189				9.4625387
49.9885382				9.6221169
51.1751231				6.8718622
50.1567245				8.6901964
51.3241357				12.372895
48.4464695				10.1273153
51.4054787				10.6871446
49.9760524				9.9581126
53.4311128				11.8523731
49.4260245				10.1146085
50.283125				11.6615379
51.9212918				14.647252
51.7869422				8.4942371
49.9681976				11.5321696
50.7013205				11.6017271
52.5951687				13.3327612
50.1040186				8.4024188
51.1818927				7.1889969
48.9744811				12.0357893
48.3219114				10.0536345
49.4499341				11.1303099
50.565887				12.8287869
49.9596635				10.9582144
50.4619967				12.0747381
50.1336974				8.62466
50.1401991				8.6348985
48.7356379				11.1574965
48.1458477				11.6228831
48.8279631				12.7784124
48.0951588				11.4828008
50.9108654				13.676732
49.3297157				8.225115
51.7986643				8.368001
50.8670422				9.3389151
51.5675403				7.2599471
48.1959485				12.8570191
51.2721215				14.0785544
49.8621119				8.9582777
52.4316478				9.7588286
53.8237509				10.760366
53.8308139				10.7402491
50.0054705				11.1547656
52.510887				13.4173873
49.0188182				11.52054
50.5556586				8.4977137
49.1837962				8.532547
50.4324886				12.109554
48.1740819				11.358305
50.2928065				9.1146672
49.3129559				11.0489904
48.9200354				9.5736127
49.5724201				7.0034261
51.0489515				14.0853423
50.4511134				7.1689073
53.2075436				12.8610154
52.2374159				8.8378849
52.215498				8.835486
52.2171225				8.8324297
50.9252845				11.6066697
49.818146				8.646107
48.0917239				10.9347739
48.7721489				11.3957459
48.6105863				9.6014019
48.2374176				10.1759031
47.6084231				10.2665611
50.2689498				8.293043
47.6103404				11.0209297
51.5048547				7.1649177
52.1989009				8.7583955
48.1919795				8.976634
47.7621901				9.2452708
49.841262				10.732893
48.6416462				11.7899238
49.8775508				7.7606037
49.9288957				9.5737518
49.962926				9.5996608
51.3647698				12.3523581
53.5979256				8.35666
49.2022167				7.9626618
50.903009				7.5506368
48.6433431				9.4630859
53.1857181				13.141316
48.0924277				11.4638477
48.0753536				11.4166427
52.8099816				9.1456374
52.7927117				13.2878193
53.6343428				11.6214658
47.8256236				10.8750159
51.159137				14.1306189
50.2889758				7.4230307
50.2018058				10.072972
48.4798076				7.9718135
48.8969226				9.2284864
47.9721982				11.4763658
48.0031229				11.5136856
48.6511164				12.5998228
50.9216022				13.6550547
50.7266257				10.3525218
49.4487564				11.1117145
48.1079586				11.9322723
48.3548077				10.8858601
47.6350205				8.2774414
49.4236641				11.1246541
50.9066574				13.6753682
47.8977678				10.9344702
48.4982855				11.9459156
50.430841				8.2534989
52.1120225				8.6738583
52.1129147				8.6725556
47.6035714				12.9856429
50.2389813				7.8453939
50.2779445				8.0631489
50.2682273				8.0574185
51.2401991				12.6833538
49.9831378				6.8858538
52.424541				13.0228014
51.4921776				7.4793345
51.5124252				7.4584255
49.1867752				8.0950816
51.5254742				7.4430553
51.5300303				7.4464185
51.5382969				7.363492
51.4314443				7.4684649
51.3042822				12.4201231
50.5590815				12.1814272
51.3197671				12.4245445
49.9526063				10.8735573
49.2051779				7.9658913
49.2033622				7.961607
50.6864301				11.623713
48.265669				10.4456146
50.3827246				6.9291351
50.1197388				8.7783337
49.1719354				9.9145982
52.4403881				9.7370389
47.8129364				11.6370148
51.033402				13.763926
51.0531498				13.8119204
51.4180202				9.6500462
49.1540356				8.6229041
52.4735935				13.4581489
49.2402466				9.1086457
49.7591865				10.9753946
49.9280333				8.3038302
51.5065331				11.9612335
52.0212702				14.5871545
50.0864747				8.5821658
50.0858944				8.5813104
50.0854459				8.5818868
50.0862247				8.5813782
51.2456043				12.4714639
51.9356947				14.694117
49.3569419				8.4497092
50.8061809				7.6207814
51.7722559				14.3551331
50.394093				11.6893826
51.4956122				6.9409666
48.4987801				11.2823881
47.909525				7.8913183
47.9675325				7.8710001
47.509547				10.0751904
49.589017				8.6529256
49.4248008				12.6134111
49.4812712				12.5708337
52.3636777				13.4720841
50.7432718				10.43434
54.4402784				12.6612985
49.0343574				8.6805403
52.5545195				13.4570315
50.0702378				10.3107914
54.1386162				12.0499112
48.6082974				11.6176471
50.152896				10.9633276
51.5007888				11.9285301
47.9655061				7.9742729
48.1872374				12.595637
48.552927				8.9862935
49.554453				8.5682606
52.0328115				8.529966
49.8641245				8.2545519
49.8954968				9.5172436
49.1899878				11.1233756
48.6366002				9.4916011
51.1599091				7.1320515
50.9291798				14.2426059
50.179244				11.9194152
50.220104				11.941215
50.7693847				6.0995722
48.0464903				10.927554
48.0608418				11.6185852
50.4041466				7.2513089
51.3365378				12.4030244
49.6099049				10.7071322
50.9041305				10.6583071
51.3714075				12.3754761
51.3682142				12.3710289
50.0599788				8.7226761
49.7729363				8.74295
50.7267118				10.4630776
50.093208				8.1007688
48.0585197				11.618759
48.6160919				12.7596192
48.4604242				7.9786531
48.8487827				10.4848768
48.8490556				10.4854583
48.8503361				10.486003
48.8507852				10.4917503
50.7867559				11.5740982
50.6242438				7.0213062
50.5196166				7.0239126
48.5887838				9.4703916
50.5184593				12.2211964
50.8392722				12.9682013
48.3375146				10.9425766
49.2322464				6.9999094
48.1194196				11.5381247
50.1486022				8.3777313
54.6178636				8.9654124
52.2691015				8.7740061
52.191337				8.7846284
52.1945844				8.7906805
53.4853813				9.1524141
49.9838371				7.8275947
49.7449774				8.8575438
50.118106				8.5640757
53.0767575				8.8015814
50.8978193				13.6637162
49.4728053				7.1646037
49.99901				9.0613036
50.1565221				11.0663419
47.9853538				11.2891481
50.8482067				12.4624383
51.495978				9.2823656
50.8502787				10.4674146
50.5933025				12.598899
50.0112128				7.0207319
47.9669881				9.846263
50.7318753				13.7466378
52.4471256				13.3165307
50.028444				12.276706
49.3779285				10.1786641
50.7476019				13.7762909
50.7476616				13.7765532
48.0159472				11.8223074
47.9475823				9.7575253
50.7817341				6.8223908
50.1332384				11.9373419
49.3538036				7.1785829
49.222758				7.0128232
49.233182				6.9953965
49.2329087				6.9951631
50.9817013				9.3449035
51.4583611				7.1978448
49.2315778				6.9989911
51.5054629				11.9548493
51.5049561				11.9599124
51.3139971				9.5045314
49.8621933				10.8432263
50.5160508				6.9953357
50.8268782				13.7718762
54.1772011				12.0903616
50.0480504				8.2206374
47.8806713				12.2761895
47.880407				12.2854143
52.4778404				13.1965527
50.7704182				10.5653426
49.3333795				7.1874284
49.7967931				6.8513659
48.8922821				8.5785091
53.5870443				13.936871
48.2251121				12.6769971
48.2249168				12.6775244
49.8405428				12.1900267
48.3980973				11.6050457
47.8106038				12.1370067
50.9036653				11.5982094
50.9057767				11.6034191
52.0772385				7.5756775
48.5009606				8.0274249
48.4942486				8.0198293
49.231057				6.9921023
49.2307609				6.9910795
50.6226038				10.6318814
48.1374894				11.5416171
53.159659				7.9553417
50.8679224				13.3682031
52.2300591				7.4910779
48.4112868				11.4772378
48.2397325				12.6894792
49.2416811				7.0158999
48.5967053				12.8474512
48.129472				9.8009346
50.6849783				7.7992263
51.6279452				9.65636
50.1198572				11.602395
48.8036566				8.8634833
49.232977				7.0130699
50.9567529				14.0278191
48.1088744				11.7355463
50.8703628				9.3425944
50.8684021				9.3448856
50.8690112				9.3443024
49.4411548				11.0099207
48.1764106				11.4612982
49.7362048				8.9525564
48.1998264				11.3911026
50.9783071				11.0275573
49.3738597				10.1805333
49.3765894				10.1855678
51.0234218				13.7334891
49.235768				7.0008848
47.7762394				9.2908109
49.233065				6.9952172
50.3624736				7.5981031
50.6536563				10.6551064
51.7570267				8.6609447
52.6061767				13.5620114
51.4322025				7.0046459
50.6877752				10.9334379
48.258853				9.5675039
48.0118012				8.9393214
48.4547653				10.2785381
49.7905555				7.7814622
50.1648476				8.0783334
51.0182501				7.1856057
50.4949507				12.6017811
48.4349311				10.4095244
51.283006				8.663239
48.5349213				12.1542423
48.5354036				12.1544503
49.7654813				9.9206291
48.0209173				9.7605371
47.8062766				9.0919616
47.903277				12.0541112
48.0303532				11.9700365
47.9959408				12.0650379
49.7051936				8.3257165
48.321935				9.8944974
48.8304075				12.9470158
48.8360451				12.954297
48.8436546				12.9593184
48.834134				12.9604135
48.6042271				8.8953394
48.6376137				12.4371232
50.0903429				12.1729108
49.3511519				10.2024067
48.0376701				10.7287567
47.7721903				11.9770156
52.2258689				7.6455272
48.4971678				10.1169827
48.8411482				13.1397835
51.2808069				6.4531615
49.9944859				12.0867066
49.5357871				8.6431333
49.9534953				7.9013055
50.3121692				9.4050443
51.9866579				8.5458205
47.9890954				11.3733736
49.4997849				8.5421026
51.9052693				7.6354897
48.6574571				9.4218498
49.5090267				8.5947174
51.6472711				7.1590884
49.5462133				8.677378
47.9921508				7.8732415
50.8930449				14.2346604
50.0347345				8.0508152
48.2238642				12.5267552
50.5430376				12.8290423
51.6053268				7.2733031
49.7723925				8.8090128
48.8347189				12.9887867
51.8638629				12.6520873
49.9797625				7.9674476
47.6888592				11.6731429
47.9373871				12.9220473
49.3795248				10.184841
52.1378721				13.9414867
49.7939127				9.9176801
49.0037788				12.1992548
50.3806647				8.7211643
48.0966462				11.0416647
52.5252627				13.3489141
51.1541742				14.1353158
49.3782431				10.1815392
49.6419854				8.6420124
50.131359				8.6258701
48.3720869				10.0448606
51.5217919				11.9129562
49.5514805				10.066374
49.6290317				10.9521448
50.9488018				6.9076462
48.0996545				8.0549191
47.9752728				7.8891787
50.4189056				7.5255607
50.1332194				8.7683224
49.0295431				12.0951267
49.8224508				10.7366872
49.8222984				10.7365154
47.916957				12.0268256
48.2552129				7.7938507
48.5646708				9.4597823
52.0862284				14.1766558
49.8855168				10.8932548
49.6263088				10.245198
48.3359605				7.8745685
53.6043579				7.1382527
52.4867714				13.4844246
53.6280462				11.4142907
50.0501279				10.9273955
50.7689599				13.51871
51.1121058				9.3153961
50.2439896				11.322722
54.3680757				10.5587373
48.4876473				9.324198
50.8332714				12.9838769
51.0143537				13.8614902
50.5717423				8.5087755
50.8459733				12.963377
47.8118087				9.6427817
47.7172387				11.7562428
50.4400831				7.5765151
48.6358338				9.5584193
50.1293946				11.8518424
49.4556394				11.8511175
50.0464127				8.2394028
51.3266207				9.5364581
51.2755162				6.8456075
49.3452221				7.2049603
47.8205086				11.3205673
51.3523474				12.2525644
49.99909				12.0865864
49.781125				11.186833
48.0615681				12.1701785
51.1816266				10.1666868
50.9121907				13.7711843
49.3362697				7.1759531
48.324667				11.7645439
49.4533762				8.7238315
50.2442496				11.3266182
51.3266304				12.3733855
50.8934576				13.6654596
50.8935527				13.6658866
50.8953805				13.8317837
49.4107739				8.0673833
52.9715778				12.9829745
50.9383672				7.2161535
49.2634622				8.1386598
48.4077055				10.0139494
48.5581082				11.7418036
49.9488812				11.5630543
49.4697712				7.1392756
50.6114611				10.7186006
49.7611098				8.3325532
47.6061719				10.810736
50.1375033				12.084858
48.0852014				11.5408723
49.3937727				7.133896
49.8040485				8.8260892
49.8840022				12.3090342
49.5864986				10.9651711
51.0301199				13.0122532
47.8878044				11.5030219
52.9915117				8.2849752
47.997997				11.1705166
48.2827707				10.4694193
51.8488041				6.2042734
49.1478042				7.7549181
47.5999145				7.6571408
49.1340934				9.1157084
49.1003756				9.0710865
50.6006474				10.6893014
50.9152603				6.9664249
50.7654124				13.7510013
51.091506				6.8805702
50.9309569				6.8774577
52.4847401				13.3929184
47.8198044				9.7942913
51.009134				13.8619034
50.7638629				13.7450526
49.1640872				12.0989231
48.6703986				11.6233391
49.9096359				7.7134821
51.8402712				6.858603
50.7956746				13.7114255
49.0075536				8.3560023
49.5129547				11.2825262
50.853036				14.655881
48.1748553				9.7889097
50.5598828				8.5013525
48.0337975				9.6401536
50.7637459				13.7585436
50.5059756				10.9313873
51.7468736				14.6457357
50.2430463				7.2587253
50.1219078				8.680307
48.9676027				8.2603156
50.6191674				10.6982974
49.673752				12.223809
48.9792893				8.2614464
50.1043513				8.6915675
51.1466039				12.872843
51.3679755				6.9602006
48.5464802				9.3703147
48.7861941				9.9363133
49.7790445				9.1887318
49.9855865				8.2767465
51.7470011				8.6696852
52.4284094				13.1224528
51.8967663				8.3995257
48.5453894				9.0560784
49.3322301				8.8046249
48.5047268				9.241425
48.5068393				9.2248862
48.481975				9.2058831
48.4928091				9.2145783
48.4177452				9.1429426
48.4900307				9.2123771
48.5653986				9.2253328
48.4821637				9.2071375
48.5130691				9.2115196
48.4997176				9.2167359
48.4926986				9.2130212
49.3404131				8.7992557
51.0425794				11.3146379
51.4625166				6.7280126
51.0090455				7.4385452
49.5491613				8.6066528
53.0777051				8.8000998
50.9774332				11.0275982
48.8152116				11.4597865
50.4749477				12.6921947
50.0496636				10.3050189
51.9105784				14.0205129
51.0945822				13.8417156
50.110642				11.4649949
51.5698103				7.3366286
51.2963182				12.4013248
50.9671392				11.0146807
50.317872				9.2978431
50.2263132				9.2681307
52.7821231				9.2304034
49.4612599				8.1218825
48.5201136				9.2081521
50.8501566				6.3677253
50.8578997				12.1169497
52.5054208				13.3380463
51.0179977				13.8946639
48.656172				9.8944448
49.444445				11.8613714
47.6702091				11.8538374
50.2219262				11.1412405
50.8201126				8.0260529
48.1457371				11.4748381
50.2241662				11.1360222
48.1968992				8.616743
51.7909032				11.7096285
48.058692				8.013207
51.4961903				7.0119968
48.7544007				9.5934637
52.0274546				8.5284279
51.8839063				7.60491
48.1811096				9.5801366
51.3090728				11.2473671
51.2389545				7.998768
50.5885718				11.5715914
49.3039304				10.5720095
51.7036653				7.3175042
47.9603118				7.8022191
48.1093612				11.7261242
50.4812546				7.512946
49.0006789				11.3829469
51.5060512				14.0683663
48.1001384				11.6055122
50.4104454				7.6127114
52.2607916				10.5176888
52.3916128				13.0421005
48.7759638				9.1619588
48.7760024				9.1621463
48.3754322				10.3636296
54.6722674				13.4151525
50.6299531				12.3081342
51.0411073				13.8055613
51.8269137				14.1437155
49.9440617				11.5737834
54.522409				13.2552092
51.8396873				12.1841477
51.8621878				14.0935618
48.0837946				9.208411
50.1698983				8.511655
48.1588233				12.8327979
53.2479739				10.4032781
54.3442015				12.3976957
48.0779002				9.8098555
48.0979655				11.6048449
53.2508678				10.4137263
52.4637517				12.8549223
51.4034356				12.9363802
50.8023467				13.5374312
53.254739				8.120806
48.0631708				12.5925903
49.5004221				8.4012723
50.5765875				9.9984082
49.4880071				8.4594475
51.1658279				13.4720451
51.1843518				7.0453349
49.8003076				12.1653643
49.802533				12.1541748
49.8023257				12.1559353
49.8008447				12.1668139
49.8005608				12.1658188
49.8007581				12.1662131
50.0686451				8.6366949
48.3683824				10.885187
51.3714789				12.3106178
51.3695968				12.3162074
51.9413108				8.7249622
48.8896743				8.6709138
50.7142762				6.4476119
50.714313				6.447889
53.428925				11.8514373
52.5013953				13.2085304
51.35055				14.1216556
50.9586457				14.082729
50.9627512				13.9418466
50.1166543				8.706676
48.8861168				12.5094383
53.6775329				7.5739582
47.5564893				11.2205956
50.5554002				8.4992481
48.9533441				10.9085975
50.190038				10.6801459
51.8116562				10.4374722
51.512009				8.5897296
48.188817				11.4601511
48.9366294				10.9745975
48.3428263				7.8731898
50.835945				14.048429
51.3081706				9.4677748
51.1485491				7.3396251
50.9929412				13.6436457
52.087131				13.152343
50.8629043				8.6283373
50.738166				7.1134866
52.5996462				13.8170528
50.9892265				9.4221772
51.5750956				8.1078814
51.5738034				8.107538
52.1560332				9.3857835
51.3115181				12.3218418
49.1085226				7.8627998
50.9184707				14.0551471
50.7998496				8.7684102
50.6073905				8.669586
50.4047329				8.1596726
50.508419				8.2752492
50.532404				8.3166663
50.3151257				7.6254764
50.3360043				7.6919444
49.0527894				8.5303772
49.0535473				8.5270981
49.0482688				8.5189788
48.9951953				8.4500021
49.0514874				8.5319316
49.994344				7.8910442
49.1230378				8.601294
49.0462227				8.5118289
49.1220492				13.2022983
51.3647511				8.7343015
48.5678661				8.6514386
52.3718297				8.5608238
49.9314523				8.156279
48.3938574				10.8820724
50.4477555				7.3894676
49.800519				12.165797
50.6951292				8.6600056
53.8323766				10.8020782
51.1223057				13.6533717
51.148746				13.4933775
51.3813727				9.0564024
49.9597708				8.2785909
48.0898995				11.061384
49.173456				10.9210491
51.5729383				7.1461275
50.1117502				11.1113845
51.7844651				11.7145962
47.8402956				12.9806617
50.9614781				6.9839942
51.4750832				11.2867866
49.8886909				11.4490373
48.1983243				8.872004
48.206723				8.8080465
48.9999894				12.4001545
50.8978803				13.6679289
50.8982446				13.6672295
51.0904945				13.7055559
50.432205				8.6714381
50.2977072				8.2711926
50.3715328				8.7398112
48.9080965				12.69359
51.19596				6.6076547
50.6271213				12.3217196
47.8816113				10.6290655
47.8830224				10.6353443
51.1896679				14.4471202
51.1856769				14.4409243
51.1841099				14.4430003
51.3797385				6.7509412
48.2712473				8.1996191
51.148499				7.3398184
48.7208991				8.8021089
49.5214286				8.1844
48.4516144				8.8562987
47.8068541				7.7686943
47.9957184				9.7020693
51.2074492				6.7953336
51.2080482				6.7945509
51.3070624				12.3359513
48.030267				12.5656367
51.315912				9.4366576
50.6870421				7.2258396
48.9258759				13.4656242
51.2104786				6.7734471
50.2255867				11.3208419
49.6454906				11.3000656
50.6284584				6.4763609
49.5209879				7.4381192
51.3669013				7.0623665
52.8473441				12.8947468
49.6430395				12.1514334
48.9945869				8.4936021
47.7134914				11.5559907
51.7392638				8.9870347
48.998111				9.1401718
49.4726433				10.9925254
51.3099769				6.9949899
48.1342892				11.581009
47.9650475				10.4512
48.0999543				9.7855505
48.211128				12.6669222
50.284606				10.2294979
50.5786031				8.6728312
49.9283741				7.957425
51.4858697				6.6671441
48.1236337				11.0264512
50.5434974				7.1454112
51.5112923				7.4475462
51.5285757				12.6096437
49.9769325				11.0253558
50.9947482				13.7270148
51.225449				11.6776382
51.5335781				7.6896955
51.3772647				12.4294798
49.8449621				9.1803939
48.314277				10.820082
48.9924126				8.4418256
50.794965				13.6716814
52.0186616				8.5193045
51.3388615				7.0431289
52.2166737				7.0240867
48.7406691				9.153617
49.9868479				11.8366779
49.3695862				8.9862544
51.4561695				6.7108951
51.45725				6.7084221
51.4573131				6.7081493
50.7933973				13.6738053
49.057973				8.912186
48.6047574				12.4571703
47.9599456				12.5004033
51.1015556				8.8320458
49.9253185				9.1621685
49.893372				10.8868965
48.7548974				11.4096767
50.5571928				7.1368853
49.9095532				9.1555133
51.331972				12.402693
51.6434212				8.7637038
50.0937859				10.7958015
48.2272311				11.7725695
48.4470299				12.5003948
52.0202151				8.5060032
49.7588312				6.6334835
50.5444142				7.2487727
48.2681957				10.9888906
53.4995829				10.1920439
50.7652419				7.354739
50.764924				7.3564746
51.4874151				7.0458104
49.0592997				10.4838103
48.7184598				8.9210299
48.3447321				8.4034889
54.0828586				13.8998471
53.1505564				8.2124882
51.6955733				8.1668958
52.4213951				13.0623782
49.1767286				8.6937875
48.6177858				8.1449854
49.6052114				7.1661963
49.651006				7.1578274
48.8247412				9.9611287
48.8243183				9.9558192
50.1111517				7.7214009
50.6146988				8.6346219
48.1573717				7.9237382
47.7490597				11.3733242
51.7731111				8.5825615
48.2972855				10.7458588
49.8968262				12.0379117
48.1848932				11.6024947
50.4225547				9.9360309
49.4460237				11.8543162
49.667349				8.990318
48.8846744				12.5681449
48.8744742				12.5667601
48.2832177				10.7584565
48.2348726				10.7346696
48.2434601				10.7665537
49.5688476				7.852757
49.8639594				7.8244299
50.3232657				10.2177269
47.7709715				11.3190385
48.3958472				10.689383
51.1654841				7.1935634
50.0760671				10.9563497
50.7222905				7.2043253
49.1338249				10.9595286
48.7994783				9.7926361
49.9711161				9.197087
50.1535399				7.7173217
49.252955				7.1754949
48.9953279				12.8405662
50.7197632				10.4425355
50.0119421				8.4770716
48.2455442				10.1784041
48.2407185				12.3131197
54.1761944				12.0896281
54.3180162				13.0854925
48.3627171				10.864505
50.3413155				8.5106042
50.0105709				8.4714516
51.3572434				12.3134862
50.9150625				7.173113
50.8990374				10.0263921
50.89764				10.656881
48.1585514				11.5868871
49.112453				10.968221
49.1123062				10.9732088
52.0308184				8.3594371
52.1185724				11.6426406
49.0309197				8.3055462
51.7970761				8.4974407
48.8734612				9.2741258
51.383813				10.2014248
47.9977995				12.8258535
47.9973372				12.8248981
47.6717569				9.4129771
50.0206251				7.1185527
49.1959899				12.5149044
49.1967184				12.5179708
49.1921462				12.4941018
51.5018475				11.9543901
50.9548062				6.9382179
50.5741532				13.0295836
52.5111639				13.4470038
50.1041814				8.9418134
50.8387604				13.6742769
49.5159286				8.6112588
49.4442806				11.8734826
50.1785151				8.7366816
51.0037492				13.3598372
51.0037611				13.3594415
50.9184302				6.8879974
49.6295581				11.0623454
50.9022943				6.991876
50.983793				6.9521251
50.9144172				13.340723
50.887544				7.1601181
50.0329839				12.0097054
50.6822608				10.6884754
50.6824261				10.6884553
51.274393				14.5714914
50.5723134				10.5137609
50.9244045				7.176447
50.9850191				7.1213291
51.0324782				7.1147682
47.5468385				9.6870573
51.015051				6.5205241
48.2652652				12.2171358
47.6564361				12.5823243
50.0849367				9.0699855
50.1228075				11.3181097
51.2089519				10.3725796
50.8910611				7.0233197
50.5280191				9.8781287
48.0814336				12.0901964
51.4983239				9.6063991
50.9653697				10.999337
50.9459712				6.9700332
48.863609				8.2054027
52.2201846				7.5242966
48.7011561				13.0203944
48.7007047				13.0210568
48.692398				13.0140455
48.7011596				13.0200377
50.791355				7.2298035
52.2420223				7.5230048
52.2407812				7.5232997
52.2372781				7.5182111
51.9397116				8.5810616
51.755554				8.097119
48.2315612				11.7971462
49.5379007				8.5123908
50.2901353				8.5082539
47.6471355				10.9748075
50.2384209				9.0614854
49.2607567				7.1563091
52.6195227				13.3048615
51.7595838				8.6738257
47.9972195				11.4853125
49.9155719				8.628368
47.8653784				12.6478026
47.9129037				12.6500097
47.9241026				12.6523144
48.4379836				11.3185371
47.7800159				11.3277851
48.112369				11.5016922
49.3101946				7.7167244
48.7518669				9.3492111
49.0171428				8.3608864
52.2788408				9.3693459
50.5864952				8.6732325
50.9381688				6.8521453
52.2739665				9.3690663
48.9490489				9.0993266
49.7044781				8.5114586
49.9833693				8.2925077
49.9761495				9.1399381
47.6968218				9.1729812
47.5711688				10.7877861
50.5829707				8.629927
47.7577219				11.3866179
48.1798128				11.353798
51.1159019				13.6245751
50.9383591				6.934419
51.2116902				7.1651966
51.0152812				13.6510793
50.7711342				7.2938603
48.7524367				11.467728
50.8054092				7.5573067
50.8048278				7.558452
48.2204088				9.0379572
48.7225112				13.0130148
48.8819011				12.5732445
47.5542278				10.7370411
48.9959659				9.2889137
49.3854901				11.3573707
47.5456711				10.0193898
50.5169184				6.992098
50.7491485				6.4598342
50.7723655				7.2686564
51.7204819				8.7515985
50.5820845				8.6791501
51.5609857				6.7333353
48.284102				12.5783835
47.8231927				12.6470404
50.9636619				11.0284322
47.6394975				11.5775564
48.5017987				9.37594
50.6990353				7.1903595
51.4135593				11.107448
50.9489381				6.8796224
50.682028				12.4652557
48.9103855				9.137354
47.8188943				8.1373453
51.452573				9.491339
50.3349929				11.0973801
48.4603714				12.561086
47.8040967				11.2639865
50.3464167				11.1256311
51.1325189				9.4851047
49.4015618				8.7789934
51.5724228				11.2724277
51.4911185				13.7804603
51.8236708				8.661049
48.9513524				10.603927
49.3191912				11.0181271
48.7089395				9.0108575
49.0248056				12.8243493
53.1242416				8.095542
53.9580557				10.871868
53.9595938				10.8776402
48.1010779				9.7836106
47.911945				11.1069229
48.387471				11.0908118
51.5106026				10.7896913
51.8632022				12.6109996
50.1429273				10.1365027
51.4680711				7.0785931
51.1748111				8.8888115
48.4664724				10.788072
50.570535				10.4365756
50.5706265				10.4153665
53.1188601				9.7916192
49.1970545				12.5159766
47.5532485				10.2459906
51.0100819				13.6620642
50.5851189				8.6685355
50.813007				10.6721846
49.9632566				11.5863059
50.5446077				7.2483914
48.5349622				11.5092583
50.3478547				7.3963896
51.3635281				10.2688676
51.3523249				13.2294432
48.0648681				9.2595306
53.428787				10.3037725
48.5156457				10.8138234
49.7089015				11.0642329
48.0012444				12.4054584
48.2500593				10.6973878
51.1680609				10.3370137
50.2477988				11.6574466
49.2969638				10.567192
51.8114682				8.0766595
51.7555935				8.0396615
48.9189435				11.8751693
51.660104				6.4586552
49.7616426				10.6194248
49.9823397				10.1000799
53.9591729				10.8750701
49.7488602				8.4113467
49.7647264				6.6347632
49.7648191				6.6348732
51.299183				7.6729932
51.3004637				7.6723437
51.2813876				13.0863628
48.5807476				10.8241151
50.8753448				11.3431145
49.0502618				12.0204218
51.0507472				12.1234786
48.3518331				10.9067438
48.147516				10.6642498
49.001492				9.1391927
49.0377221				9.0545513
54.4710102				8.9137426
48.4192854				11.2180174
50.6916615				7.1776558
50.0691974				11.5503899
50.4767052				8.9028449
49.7324513				10.3703939
53.1715303				7.368633
51.1410607				7.0137565
51.6346638				10.7911975
50.9054794				7.4769709
51.5029716				10.7859998
49.064463				9.200271
52.2635678				12.9174031
52.1907388				9.0804325
49.1824255				12.5931902
49.1685222				12.6373099
48.3657663				10.8772394
49.7542422				8.4764842
50.5300004				8.6533789
51.1342233				7.1182253
51.1098857				13.8320841
49.1654585				10.3377056
49.8918559				8.3736205
49.112302				9.370172
49.1218676				9.3805926
49.1690503				10.6577344
49.0186883				12.099303
49.0909754				13.1955355
48.065087				8.0156892
50.7006864				12.2748611
51.5533071				7.3855617
48.216985				9.5327292
51.963726				7.7016553
51.9226109				7.7039993
51.9281898				7.6570699
51.9236154				7.6958911
51.9474435				7.6828772
49.68413				12.144586
49.6212071				9.6584011
49.6112501				9.6761261
54.1181153				10.3368936
49.0120695				9.3086871
51.2633181				14.9003447
52.5113468				13.4424777
51.1524666				14.1946777
47.8201411				12.478492
47.4211101				10.9849947
49.2631825				12.2956273
50.5917121				8.6835209
48.4662664				11.9401973
50.1148031				11.4690108
50.1151718				11.4445899
51.0646461				12.0806177
50.7364561				12.4792214
51.5643742				6.8724838
51.5671149				6.8749071
52.3972284				9.2648135
51.572484				11.9505455
50.1094617				7.9624277
50.9014141				14.7344645
51.3677997				6.9607297
48.7254218				12.1337067
50.9924146				13.8758094
49.6343307				11.2556983
51.1308121				9.4321433
51.792134				11.727191
49.5089428				12.5447178
49.4459402				11.8539625
49.7286786				11.0738593
49.5132162				8.5129831
51.3247489				6.8147512
50.7015152				10.4489474
49.4949052				10.7907683
47.7707814				11.317446
48.3387829				7.8383277
48.3819839				7.8513441
48.384582				7.8538203
48.3599879				7.8383418
50.46132				8.5864069
49.0027924				8.8142853
51.3611382				6.6838469
51.1682076				6.9321182
51.0078633				13.4716812
51.5680444				7.0694381
50.552857				12.8218294
53.9566655				10.866373
49.5445485				12.5531022
50.6225598				12.2451773
50.749217				11.0143686
50.0687189				11.4336615
51.5106004				13.0281118
47.5688633				9.6310517
51.4610009				6.7670934
47.5741625				10.7354591
52.2321764				8.235818
48.0175062				9.6826204
49.7994523				9.9192246
50.0871136				10.9961182
48.5492629				10.3709489
48.7139666				13.6072725
48.3880065				12.6089397
48.3903879				12.609047
50.620796				8.5892439
50.1130567				11.4851959
48.797044				9.0808547
52.1308017				11.639699
50.0980172				8.4365813
50.3024627				9.4136309
50.7341257				12.8618124
50.0978057				11.3994354
47.7457617				10.2299613
49.4711576				11.1089088
50.6827288				11.3685204
50.9189572				14.0612254
50.8984108				11.2886388
52.3887578				13.5169362
48.7170953				10.8394133
47.6651131				11.2856407
48.7209208				11.2218066
51.4555175				12.9297372
50.9491389				6.9494489
47.9000383				8.1502036
49.4073691				8.6767352
52.6009331				13.3922604
49.8082361				6.6859914
49.5006832				10.4208457
50.4814				7.5129
49.7725734				11.4124443
51.1290257				13.6156079
50.8377398				10.5921455
48.1150175				7.7140001
48.5383574				11.8140978
49.0020445				9.2012027
48.7365388				10.9422601
50.5412104				7.0967409
50.9726799				9.7904864
50.5301776				7.4129826
49.3107276				8.4267444
49.4749303				8.6691222
49.0818353				11.8973075
48.7417096				10.9473526
51.1422869				13.5984517
49.719232				11.1094898
49.0992557				8.5282231
50.7999593				6.185354
49.8713607				8.6316398
48.3401372				10.8615013
47.6308038				10.4483645
48.572424				10.487747
49.4022228				8.6708793
50.9870854				13.6508577
51.7335794				11.0178534
51.05506				13.5935788
47.6809593				8.9816454
49.5945112				10.0122248
50.232236				7.2874248
51.3141338				7.0871952
51.3143554				7.0866069
51.762974				8.9398677
51.0520415				13.5419669
50.622841				9.5077411
50.6247233				6.9499356
51.008701				13.6596023
47.8725697				12.637526
50.9113004				6.7113509
51.2057713				10.4507066
51.1053758				13.626242
51.7302449				8.7490238
47.5594206				10.7788137
49.6672613				7.538864
50.8410412				7.3563581
48.3127144				12.2723227
49.9406855				10.9719821
51.3922956				7.0765311
51.5063237				10.7896484
51.6371372				11.0247244
52.1162689				10.0282056
48.0987088				11.5471947
51.3104762				12.4211821
47.6169819				10.7131877
49.3866341				10.1678126
49.3429423				10.1274768
48.9118775				8.9395034
50.4269693				7.4716283
52.166682				9.7787279
50.8688907				7.2044096
48.9199693				9.1121564
47.6820482				10.8988136
54.5066541				8.8281509
54.5065996				8.8279457
50.9185569				13.3450584
50.4624819				7.4721275
51.3672645				13.1462913
48.3647602				10.8771193
50.7242064				13.6207724
48.5151936				9.1964807
50.9139819				11.8701089
51.8709707				9.0785003
50.9917554				11.0358606
48.4053033				8.775334
47.6084742				10.6716224
49.0526751				13.2642874
50.221648				8.9868095
51.1880443				6.8366856
51.1704982				6.8874734
51.2046274				6.8081827
49.8282179				9.9181558
51.6616735				6.9792556
51.1368324				7.2572559
48.158477				11.5869061
48.3976099				11.7381278
48.7972592				9.2265423
48.8471965				9.3778707
51.2348468				11.2603021
51.0954677				14.4318731
47.9998754				10.6415153
51.5361573				7.4438553
47.8658497				11.3349878
50.7707096				7.2186082
53.2096151				10.41064
48.9137583				9.5486101
50.8150784				12.5333998
51.8719074				9.0340952
51.7408371				14.6546653
51.0112264				13.6791851
50.9751106				13.6315005
50.10154				7.7238218
50.8293041				12.9193964
52.4942252				13.3822031
49.066117				9.198126
52.9882131				12.653996
48.0059457				10.5951239
50.8052949				7.3159128
49.8671067				10.183167
47.7112207				11.8661396
49.3726294				10.1807598
50.0907904				8.2081232
50.1729452				7.2983669
48.2767544				11.0977323
49.7590632				10.900669
49.0218503				10.5239823
54.3435018				12.3979739
51.5032247				11.4074116
49.1144897				12.9095526
47.4375352				10.2351283
48.8789912				10.7056587
51.1177137				11.6972644
51.3979116				6.9254159
50.4244107				8.8653389
48.1495917				7.7534296
49.6410224				11.2504639
49.1939574				8.2291346
49.1207544				13.2029289
51.0517974				13.8139665
49.1415339				7.7692583
54.095984				12.1275249
52.4924296				13.4865318
48.4187326				12.9002434
47.6991511				9.1175107
49.9941584				11.6001266
52.5639712				13.4408531
48.1691941				11.6469079
48.7767561				9.3273142
47.4666616				11.1226888
52.4885223				13.277003
51.067083				7.8407897
47.7058648				10.8009647
48.9981373				12.7545358
51.3303116				6.2930199
52.4389002				13.3004552
49.756347				11.5346079
49.9304934				11.5700786
47.5766434				10.7369083
50.6302607				12.8135439
48.1775414				11.5513329
54.3727044				10.9783502
54.3726894				10.9785472
54.3579965				11.0877422
54.3581209				11.0879989
54.3737088				10.9823358
52.7746667				13.3348184
53.5140996				12.6864811
51.1001256				14.4007122
48.1182406				10.8107802
52.5093833				13.4301157
51.1977185				6.8922367
51.0981458				14.3990957
54.2661377				11.0821142
54.2566196				11.0792171
49.4017014				8.6725125
51.0963352				14.3905465
50.6128491				6.7922156
47.4210146				10.9857984
50.945818				6.970363
51.4613722				6.898908
47.7058555				11.9364103
47.7134485				11.9639405
47.7297517				11.9534211
47.7252026				11.9518879
49.7726227				8.5285127
47.703377				11.9223968
47.7162444				11.9587916
49.8118419				8.5667798
48.1233242				11.1563085
48.4375304				13.0708169
51.7341772				8.0597642
48.7006991				9.6046446
51.9282887				8.8725784
54.0164799				10.7655153
50.0098224				10.6022619
51.5807838				11.2819768
50.366168				11.6218802
51.5953489				7.6520757
49.6074528				11.4993596
50.0360075				8.9958261
48.8507053				11.4562241
51.0050664				14.8271001
49.2011607				7.2447565
51.310318				9.4689719
50.8361046				12.0533756
51.5103509				8.7055506
50.7100352				12.7816137
49.0089968				8.405279
47.8015145				10.5546601
49.8271418				8.1072978
51.8170684				8.5371816
52.1982767				9.4696836
50.950112				11.8879661
49.8894592				10.8873011
49.1827825				7.8392279
53.9861598				11.2088924
52.4778088				13.448756
48.3651878				12.248473
49.559528				11.3406169
51.0128212				13.8756471
51.0125812				13.877993
49.9801611				7.9226868
52.511168				13.3357809
49.3360172				8.0536242
48.0567258				11.6688775
50.9962101				13.5734737
50.986171				13.632091
48.9880828				11.6886744
52.2673545				8.9795327
50.516876				6.9932123
48.4301867				8.0929366
49.9374507				11.2927926
48.2502103				11.6535866
47.9791105				10.8261278
50.8428983				10.5234833
47.9895641				11.1705165
51.519647				10.7819379
51.5214606				8.6994244
48.1021328				7.9910333
52.0204542				8.5008545
52.0204629				8.5013051
52.0200153				8.5006851
50.7054591				7.2866569
48.0933976				7.9597386
48.1683617				11.9118787
48.8619886				9.2529586
52.5278498				13.4343697
48.0467314				8.0775797
47.9843017				8.8008769
47.3341517				10.26816
49.3183902				8.3894871
52.4153613				9.7329587
50.0149542				11.3832183
51.3978333				6.7603336
47.8867585				12.5757354
50.8506943				12.0730811
50.8458589				12.0705238
50.0773185				9.1539129
47.6016723				10.4101553
50.321644				10.2165746
51.8017756				8.0353934
48.7478786				9.6185524
50.321459				10.2164399
51.5038761				10.792181
51.5058948				10.791199
48.0015646				11.1687766
47.5657181				10.31066
50.112081				11.7990197
50.9804101				11.0241982
53.2479612				10.4068784
50.7053546				10.4979778
48.0055381				10.5977202
49.8582202				10.1890317
53.3293761				11.4827252
52.3728059				13.3946901
50.924471				13.8009538
51.6077379				7.1047413
51.039911				13.0214823
50.9796545				14.2680579
49.001315				8.8117599
49.4282682				11.1223338
50.6323025				7.7414171
48.6828489				10.708657
52.816847				13.3316433
53.0124437				9.0343511
48.3614992				10.5600389
51.0336955				13.5857147
48.0637973				11.164616
50.1265303				8.6661992
48.1627402				10.8104797
50.5672391				10.4150368
50.5684395				10.4136311
50.5649351				10.4146876
48.3171081				8.5750309
50.7998779				6.8831242
51.1171619				7.3989366
50.5594353				9.6496797
50.8932869				10.563205
50.2123945				11.1919307
50.4076833				7.331982
49.5988613				11.6482182
52.3432742				9.0958435
50.691201				8.22362
51.3308027				12.3586911
50.9732649				11.0286623
49.8508755				11.4543215
48.6688321				13.0795053
48.625331				8.4406234
48.6260139				8.4392342
50.8145251				7.3757751
51.3546313				11.0987151
51.3546531				11.0984362
51.3582206				11.0999651
48.157559				12.8299807
47.8240831				10.6446646
50.0526926				10.2524491
49.8348928				8.4685653
48.1943652				10.9221389
50.5100999				7.3343336
51.0518269				7.6818855
50.1178849				9.8058128
52.5074527				13.4697244
48.2650142				8.3130189
49.9048018				6.960378
50.8194432				13.539315
51.7405038				12.355276
49.8229248				11.369417
50.705724				10.692724
50.4680389				11.0416676
53.0706509				8.7975234
49.7797088				10.4561198
49.8128897				11.5250084
51.3569863				11.9879991
50.0026294				8.5076893
47.613059				12.9947916
50.3890461				8.0736972
47.6896676				9.1872806
51.4031871				12.9241777
51.4036405				12.9242538
49.028284				9.278725
47.9982541				11.1774795
51.0647025				13.7446757
51.3270329				12.451281
50.5871818				8.6644578
53.8814673				14.1701187
47.8752291				10.5343544
49.7951778				11.5093741
52.7541612				8.943016
50.6188787				11.4981581
50.9275243				10.5411301
48.6578885				12.0931632
52.4071512				9.7477537
47.8180531				10.3309453
50.986787				13.525115
52.0395947				8.147475
51.4453441				14.2642115
49.7832837				11.4866135
49.6072616				11.4995085
51.7376521				8.0678957
48.155752				10.9435085
50.8665021				7.3389986
51.3210693				6.7394438
51.0652202				13.8241859
51.281877				7.0329183
50.3531353				8.7468518
48.6605454				8.267553
47.6434481				10.0291554
50.9011283				14.8338695
48.51587				9.759295
48.1896031				7.9768454
48.8617593				9.4707836
48.2937023				10.0710981
49.5765299				10.9848016
49.0687741				7.7984396
50.5266299				11.3029729
51.3697042				12.3165117
51.2988739				6.7312525
47.9105423				11.0970735
50.005778				8.2811641
50.7063288				7.1475604
47.7159842				10.1180957
51.5788784				6.6741282
51.8975031				11.0448646
48.7623839				8.3369113
52.5702224				13.4098376
48.9204138				9.6115193
48.1928569				11.2491274
48.5059956				7.8437659
52.8234257				12.0734945
49.4814845				10.9930857
51.631629				9.9366128
49.4406697				7.7091461
50.6596322				9.3889206
48.118495				11.6332612
53.5429145				8.1095254
49.924607				9.2366427
53.0681996				11.3322955
49.2306597				6.9917351
47.9845278				8.8098261
52.1869983				8.6706258
49.2299567				7.3171963
49.2072762				10.9004312
52.0199204				10.4305033
51.8364587				10.7915233
51.1262943				7.905276
49.2840149				9.161101
48.3437437				10.9375846
48.9114671				11.3017719
51.5204532				9.7059492
50.1432932				11.9288532
50.9102588				14.2977441
48.929507				12.0314134
51.0052367				13.66339
50.9193052				11.5823252
49.6009118				10.8247304
52.5059319				13.4423637
51.3878831				6.9995958
53.9588805				10.8740428
48.1467088				7.602046
47.8185571				9.6740963
51.2009324				11.0666248
50.0666728				9.1462295
53.1103503				13.5327377
47.783397				11.3917135
51.8675326				13.9722866
51.8689056				13.9695279
48.7215136				13.3310682
48.9819317				11.961449
49.8445919				7.8576871
54.3162471				8.9471143
52.2825077				8.0139848
51.5286489				7.7046447
51.0043525				13.4644706
49.2909633				8.305396
48.5702767				13.4730729
48.2868178				11.0173908
50.9792476				11.0329188
48.4464134				11.1284923
51.1034814				13.6212725
51.1470523				6.3586109
50.59579				10.789145
48.4570597				11.1294645
51.0239612				13.8403483
49.8791561				11.244872
51.0107303				10.9104799
51.8349532				6.6281827
48.231545				9.4598757
53.5724937				13.2575017
50.9390248				10.9915127
50.9389561				10.9926498
50.9530423				11.0045942
51.7282775				8.7724382
49.8391622				7.8533577
51.9295548				8.1139453
50.0398481				8.0827537
49.1921631				9.4799955
51.6327868				10.7910644
53.594548				9.5678525
51.469313				11.9670934
50.0471309				10.2239829
52.4230314				13.8228927
51.7003545				10.7142823
51.770774				10.7272178
51.815386				10.7768326
50.5734274				10.4373323
47.9038318				9.8329827
48.9453757				11.1161945
48.2499906				8.9983942
49.4907454				11.4733727
51.2278536				10.5502474
49.6263313				12.340033
47.9312218				9.8108232
51.3051441				6.742643
50.7824647				11.6144576
50.7823827				11.6149542
52.2746406				7.7700011
51.4033592				9.5822901
50.4512843				8.7793107
49.5885623				11.4438142
48.740623				11.2002802
51.5605828				10.8354683
49.3977149				9.1238253
49.9635612				10.8820564
47.8677007				9.3946744
51.8353698				12.2710727
50.379552				8.5714473
50.3729794				8.6757689
49.4233795				11.1212862
50.1306004				8.8389321
54.4773468				9.0473222
49.1512689				8.2755992
49.1164171				10.7512854
49.1234167				11.9394153
49.7562626				10.9148194
54.4249302				8.9668547
50.1265981				8.8924623
54.4957112				8.6682552
48.8179336				9.3692269
54.3590448				8.9454549
48.9043765				11.1052712
52.1620626				8.0371098
50.9920256				6.7096045
52.1603946				8.0595775
48.7514624				13.8165105
51.5234947				6.9917002
48.2590532				12.2127878
50.7981815				7.3020431
49.2320924				6.9827975
49.7591805				10.954847
49.759281				10.9544957
49.6837761				11.409021
51.712903				14.0877164
50.2054337				7.3367268
50.5607257				12.9512686
50.477548				12.9739054
51.0109442				13.6623437
50.9776098				13.6198217
50.570663				10.4159107
50.971124				9.3161618
52.3246839				13.6402038
48.8622472				10.5712135
47.7709348				11.667029
50.7103805				7.1409631
50.0124829				8.0651943
48.6706431				9.0357437
51.1082202				14.1065211
48.7901592				9.8479502
51.325697				12.3573236
50.3273621				11.9201749
50.3192687				11.9151616
48.932476				9.1859843
48.8013688				10.0188479
49.4820942				8.1638784
51.207699				13.4043178
50.0560782				11.6099118
48.4042385				7.9182994
51.8542065				12.1784664
49.4834286				11.1421551
47.665027				9.1790597
49.7392151				10.3509811
52.3597842				12.9414989
47.591046				7.634806
47.7190852				12.8221807
50.4976775				10.8954511
49.491502				9.7748347
51.7186544				8.7459024
52.5491808				13.4075672
50.064847				10.2643298
50.5159678				8.2872871
47.8643736				8.8925019
48.5061679				12.4278231
48.5067998				12.4283884
47.7102729				9.5962276
49.3445727				7.339696
50.0082064				8.279623
50.0156177				8.2579436
49.1247999				8.3504838
48.0736672				9.1783543
51.5953177				10.5549387
49.4926833				7.8465664
51.687437				6.8574948
49.6321792				8.3771864
48.7044146				9.4217239
51.1586729				6.8528864
50.4273857				7.459626
51.3207135				7.2357014
50.6967549				10.7230848
50.0858691				7.2114011
48.3790073				8.1091031
48.2702902				9.7519836
48.3189251				11.9079387
52.6386606				13.4902868
48.9350382				11.3072106
49.1195969				10.9583619
47.6292734				11.3380672
48.7993341				10.1811133
47.6078265				11.3111159
48.3338885				9.5011957
48.3201653				11.9116415
51.0394305				13.731198
48.6386174				9.5966844
47.6394627				11.3548718
51.6351885				10.4044734
48.9907547				11.3017838
49.3540925				8.0824512
49.3539671				8.0822126
51.1036981				6.8897583
49.2536433				7.099234
47.8199903				9.7940546
50.8686513				12.6103057
51.5106793				10.9058303
47.5741115				10.7351468
48.9925967				11.6277203
47.6842972				11.5773861
54.4323696				12.8013209
53.9182865				10.1283056
51.8678146				7.7326775
51.7981531				8.0255198
49.8087988				9.6051129
